Workbook

Sheet Design Point
A1: MagCool-DC — Reference Design Point
A2: NSGA-III "knee point" (balanced COP/Qc/cost) design, from results/design_recommendations.txt, section 5
A4: Parameter | B4: Value | C4: Unit | D4: Notes
A5: Peak applied field, μ₀H_max | B5: 1.11 | C5: T | D5: Design variable, NSGA-III Pareto front
A6: Operating frequency, f | B6: 2.592 | C6: Hz | D6: Design variable
A7: Fluid mass flow rate, mdot | B7: 0.4898 | C7: kg/s | D7: Design variable
A8: Regenerator (MCM) mass | B8: 5.31 | C8: kg | D8: Design variable
A9: Regenerator effectiveness, ε | B9: 0.713 | C9: - | D9: Design variable
A10: Particle diameter, d_p | B10: 0.2719 | C10: mm | D10: Packed-bed geometry, co-optimized (geometry_analysis.py)
A11: MCE material / family | B11: La(Fe,Si)13Hy (tuned, Tc=285.3 K) | C11: - | D11: Composition-tuned giant-MCE family, core/cascade.py
A12: Electrical COP, COP_elec | B12: 9.57 | C12: - | D12: Model output at this design point
A13: Average cooling capacity, Qc | B13: 35381.43 | C13: W | D13: Model output at this design point
A15: Derived quantities used to size non-materials hardware
A16: Cooling capacity, Qc | B16: =B13/1000 -> 35.38143 | C16: kW | D16: Qc [W] / 1000
A17: Electrical input power | B17: =B16/B12 -> 3.6971191 | C17: kW | D17: Qc [kW] / COP_electrical (same basis as core/economics.py lifetime_cost())
A18: Exact HX duty multiplier | B18: =2+1/B12 -> 2.1044932 | C18: - | D18: 2 + 1/COP_electrical, exact_hx_duty_multiplier() in core/economics.py
A19: Total heat-exchanger duty | B19: =B16*B18 -> 74.459979 | C19: kW | D19: Hot-side duty = Qc + W_elec; total = cold-side + hot-side

Sheet BOM
A1: MagCool-DC — Bill of Materials
A2: Priced with this repo's own bottom-up cost model (core/economics.py: bom_cost() + bottom_up_non_materials_bom()) at the NSGA-III knee-point design point (see 'Design Point' tab). LOW/MID/HIGH = plausible cost band, not a single point estimate — see 'Sources & Assumptions' tab.
A4: # | B4: Category | C4: Component | D4: Sizing / Description | E4: Qty | F4: Unit | G4: Unit Cost Low | H4: Unit Cost Mid | I4: Unit Cost High | J4: Ext. Cost Low | K4: Ext. Cost Mid | L4: Ext. Cost High | M4: Source
B6: MATERIALS (magnet + magnetocaloric material + soft-magnetic yoke — core/economics.py bom_cost())
A7: 1 | B7: Materials | C7: NdFeB permanent magnet (N42, ~1.2-1.3 T remanence) | D7: Halbach-type magnet-circuit mass = 13.47 (Rowe 2011 11-device median ratio) x mu0H_max [T] x regenerator mass [kg] | E7: ='Design Point'!$B$5*'Design Point'!$B$8*13.47 -> 79.393527 | F7: kg | G7: 40 | H7: 40 | I7: 40 | J7: =E7*G7 -> 3175.7411 | K7: =E7*H7 -> 3175.7411 | L7: =E7*I7 -> 3175.7411 | M7: Bjork, Bahl & Smith, Int. J. Refrig. 34 (2011); mass ratio: Rowe, Int. J. Refrig. 34 (2011), 11-device median (see Sources tab)
A8: 2 | B8: Materials | C8: La(Fe,Si)13Hy magnetocaloric material (tuned, Tc = 285.3 K) | D8: Active AMR regenerator bed material; mass = regenerator design variable | E8: ='Design Point'!$B$8 -> 5.31 | F8: kg | G8: 8 | H8: 8 | I8: 8 | J8: =E8*G8 -> 42.48 | K8: =E8*H8 -> 42.48 | L8: =E8*I8 -> 42.48 | M8: Russek & Zimm, Int. J. Refrig. 29 (2006) — literature unit cost for La(Fe,Si)13Hy family
A9: 3 | B9: Materials | C9: Soft-magnetic steel (1018) flux-return yoke | D9: Assumed 50% of magnet mass (mid-of-plausible-range placeholder for Halbach/C-core circuits; not a fitted value) | E9: =E7*0.5 -> 39.696764 | F9: kg | G9: 5 | H9: 5 | I9: 5 | J9: =E9*G9 -> 198.48382 | K9: =E9*H9 -> 198.48382 | L9: =E9*I9 -> 198.48382 | M9: Silva, Bahl et al., J. Magn. Magn. Mater. 442 (2017) 87-96
J10: =SUM(J7:J9) -> 3416.7049 | K10: =SUM(K7:K9) -> 3416.7049 | L10: =SUM(L7:L9) -> 3416.7049
B12: NON-MATERIALS HARDWARE (heat exchangers, pump, motor, drive, controls — market-catalog engineering estimate, NOT an AMR-specific vendor quote)
A13: 4 | B13: Non-materials | C13: Heat exchangers (hot-side + cold-side, brazed-plate type) | D13: Sized to total HX duty = Qc x (2 + 1/COP_elec) | E13: ='Design Point'!$B$19 -> 74.459979 | F13: kW duty | G13: 15 | H13: 30 | I13: 70 | J13: =E13*G13 -> 1116.8997 | K13: =E13*H13 -> 2233.7994 | L13: =E13*I13 -> 5212.1985 | M13: ato.com brazed-plate HX catalog benchmark (~$9-26/kW normalized); Alfa Laval / Bell & Gossett cross-check — see Sources tab
A14: 5 | B14: Non-materials | C14: Circulation pump (centrifugal) | D14: Sized to electrical input power = Qc / COP_elec | E14: ='Design Point'!$B$17 -> 3.6971191 | F14: kW elec | G14: 150 | H14: 300 | I14: 650 | J14: =E14*G14 -> 554.56787 | K14: =E14*H14 -> 1109.1357 | L14: =E14*I14 -> 2403.1274 | M14: Centrifugal pump cost-estimation rule of thumb ($100-500/HP); ato.com small centrifugal-pump catalog cross-check
A15: 6 | B15: Non-materials | C15: Drive motor | D15: Sized to electrical input power | E15: ='Design Point'!$B$17 -> 3.6971191 | F15: kW elec | G15: 300 | H15: 600 | I15: 1000 | J15: =E15*G15 -> 1109.1357 | K15: =E15*H15 -> 2218.2715 | L15: =E15*I15 -> 3697.1191 | M15: 2026 motor cost-guide aggregator (avg $600, 1-5 HP); ato.com NEMA induction-motor catalog cross-check
A16: 7 | B16: Non-materials | C16: Variable-frequency drive / motor controller | D16: Sized to electrical input power | E16: ='Design Point'!$B$17 -> 3.6971191 | F16: kW elec | G16: 100 | H16: 250 | I16: 400 | J16: =E16*G16 -> 369.71191 | K16: =E16*H16 -> 924.27978 | L16: =E16*I16 -> 1478.8476 | M16: Thunder Said Energy "VFDs: the economics?" (avg $250/kW, 15 project case studies); retail VFD catalog cross-check
A17: 8 | B17: Non-materials | C17: Controls & enclosure (PLC + NEMA-rated control cabinet) | D17: Fixed allowance — lab/pilot-scale controls do not scale linearly with cooling capacity | E17: 1 | F17: lot | G17: 300 | H17: 800 | I17: 2000 | J17: =E17*G17 -> 300 | K17: =E17*H17 -> 800 | L17: =E17*I17 -> 2000 | M17: industrialmonitordirect.com PLC pricing; e-abel.com enclosure buying guide; KDM Steel / used-equipment catalog data
J18: =SUM(J13:J17) -> 3450.3152 | K18: =SUM(K13:K17) -> 7285.4864 | L18: =SUM(L13:L17) -> 14791.293
J20: =J10+J18 -> 6867.0201 | K20: =K10+K18 -> 10702.191 | L20: =L10+L18 -> 18207.998
A22: Note: MID materials cost reproduces this repo's own cost_index() (core/optimize.py) for this design point (~$3,417); LOW=MID=HIGH for materials because bom_cost() uses fixed literature $/kg figures, not a range. Non-materials LOW/MID/HIGH bands are this repo's bottom_up_non_materials_bom() market-catalog engineering estimate for generic component categories at this power class — explicitly NOT an AMR-specific vendor quote (custom manifolding, oscillating-flow seals, and a cycle-synchronized drive could cost more than an off-the-shelf steady-flow component of the same rating). See the 'Sources & Assumptions' tab for full citations.

Sheet Sources & Assumptions
A1: Sources & Assumptions
A2: Condensed from core/economics.py module docstrings (this repo's own cost model).
A4: Design point | B4: results/design_recommendations.txt, section 5 ("RECOMMENDED STARTING DESIGN POINT"), the NSGA-III knee-point design from core/optimize.py's joint field/frequency/flow/material/geometry Pareto search. A starting point, not a final specification.
A5: NdFeB magnet, $40/kg | B5: Bjork, Bahl & Smith, "Determining the minimum mass and cost of a magnetic refrigerator", Int. J. Refrigeration 34 (2011) 1805-1816. Cross-checked by Tura & Rowe (2014), $42/kg NdFeB (Gutfleisch et al. 2010).
A6: Magnet-to-MCM mass ratio, 13.47/T | B6: Rowe, Int. J. Refrig. 34 (2011) Table 1 median across 11 real reported AMR devices (range 3.98-22.65/T); replaces this repo's earlier 2-example Bjork et al. (2011) fit of 3.0/T, which sat at the low end of the real-device range (still reproducible via MAGNET_TO_MCM_MASS_RATIO_PER_TESLA_BJORK2011_LEGACY).
A7: Gd MCM, $20/kg | B7: Bjork et al. (2011); triangulated by Tura & Rowe (2014), $10-20/kg bulk Gd. Not used at this design point (material = La(Fe,Si)13Hy) but is the fallback/proxy price for families with no independently sourced $/kg (see MCM_COST_PER_KG_BY_FAMILY).
A8: La(Fe,Si)13Hy MCM, $8/kg | B8: Russek & Zimm, "Potential for cost effective magnetocaloric air conditioning systems", Int. J. Refrig. 29 (2006) 1366-1373.
A9: Soft-magnetic steel (SMM) yoke, $5/kg, 50% of magnet mass | B9: Silva, Bahl et al., "Permanent magnet design for magnetic heat pumps using total cost minimization", J. Magn. Magn. Mater. 442 (2017) 87-96 (1018 steel flux-return yoke, ~$5/kg). The 50% mass-fraction assumption is an explicitly flagged mid-of-plausible-range placeholder, not a fitted value — no single ratio is reported across this project's literature corpus for a general AMR design.
A10: Heat exchangers, $15-70/kW duty | B10: ato.com 250-plate brazed-plate HX catalog listing (rated 150-450 kW, ~$3,900, implying ~$9-26/kW); Alfa Laval / Bell & Gossett smaller-duty units cross-checked for order of magnitude. HX duty sized via the exact energy balance: total duty = Qc + (Qc + W_elec) = Qc x (2 + 1/COP_electrical).
A11: Pump, $150-650/kW electrical | B11: Centrifugal pump cost-estimation industry reference (Zhilong, 2024), $100-500/HP ($134-670/kW) rule of thumb for small (1-10 HP) industrial units; cross-checked against ato.com's own small centrifugal-pump price list.
A12: Motor, $300-1000/kW electrical | B12: 2026 motor-cost-guide aggregator, $250-2,000 (avg $600) for small (1-5 HP) industrial motors; cross-checked against ato.com NEMA induction-motor catalog and vendor listings for small TEFC motors.
A13: Drive/VFD, $100-400/kW electrical | B13: Thunder Said Energy, "Variable frequency drives: the economics?", average $250/kW from 15 real project case studies; cross-checked against retail VFD catalog pricing (ato.com, gohz.com).
A14: Controls & enclosure, $300-2,000 fixed | B14: PLC pricing (industrialmonitordirect.com, 2026); control-panel-enclosure buying guide (e-abel.com); vendor catalog / used-equipment data (KDM Steel). Treated as a fixed allowance, not $/kW, since lab/pilot-scale control electronics do not scale linearly with cooling capacity.
A15: HONESTY FLAG (repo's own wording) | B15: "This is a market-catalog-based ENGINEERING ESTIMATE for generic component categories at roughly the right duty/power class, not a quote for an actual AMR-specific heat exchanger, pump, or drive (which would need custom manifolding, oscillating-flow-rated seals, a synchronized reciprocating or rotary drive mechanism matched to the AMR cycle frequency, etc., all of which could cost more than an off-the-shelf steady-flow component of the same power rating). It should be read and cited as such — a first bottom-up estimate that genuinely prices the missing hardware categories from real numbers, not as a substitute for an actual AMR-vendor quote or engineering BOM." (core/economics.py, bottom_up_non_materials_bom() section docstring)
A16: What this BOM excludes | B16: Manufacturing/assembly labor, transportation, maintenance, regulatory/certification costs, and the mechanical drive/actuation system that oscillates the field or bed relative to each other (beyond the motor/VFD line items above). See core/economics.py's lifetime_cost() and full_system_cost_estimate_bottom_up() docstrings.
